,CityID,City,Humidity,Temp,Latitude,Cloudiness,WindSpeed,MaxTemp,Longitude,LatLong,CountryCode
0,2027296,Aykhal,65,-40.0,66.0,0,3.58,-40.0,111.5,"{'lon': 111.5, 'lat': 66}",RU
1,3874787,Punta Arenas,81,50.0,-53.15,75,13.87,50.0,-70.92,"{'lon': -70.92, 'lat': -53.15}",CL
2,2270385,Camacha,82,57.97,33.08,20,10.29,59.0,-16.33,"{'lon': -16.33, 'lat': 33.08}",PT
3,2155415,New Norfolk,67,60.24,-42.78,75,9.17,62.6,147.06,"{'lon': 147.06, 'lat': -42.78}",AU
4,4030556,Rikitea,76,79.3,-23.12,2,11.79,79.3,-134.97,"{'lon': -134.97, 'lat': -23.12}",PF
5,2206939,Bluff,74,64.0,-46.6,56,14.0,64.0,168.33,"{'lon': 168.33, 'lat': -46.6}",NZ
6,6185377,Yellowknife,84,6.44,62.46,90,11.41,6.8,-114.35,"{'lon': -114.35, 'lat': 62.46}",CA
7,2075265,Busselton,41,71.65,-33.65,100,8.21,75.99,115.33,"{'lon': 115.33, 'lat': -33.65}",AU
8,2121025,Srednekolymsk,96,-34.06,67.45,65,7.0,-34.06,153.68,"{'lon': 153.68, 'lat': 67.45}",RU
9,5924351,Clyde River,69,-9.4,70.47,90,11.41,-9.4,-68.59,"{'lon': -68.59, 'lat': 70.47}",CA
10,2110227,Butaritari,63,84.79,3.07,45,4.16,84.79,172.79,"{'lon': 172.79, 'lat': 3.07}",KI
11,2396853,Omboue,94,75.51,-1.57,93,2.15,75.51,9.26,"{'lon': 9.26, 'lat': -1.57}",GA
12,5106841,Albany,73,20.86,42.6,1,4.7,27.0,-73.97,"{'lon': -73.97, 'lat': 42.6}",US
13,3833367,Ushuaia,71,50.0,-54.8,75,9.17,50.0,-68.3,"{'lon': -68.3, 'lat': -54.8}",AR
14,5122534,Jamestown,58,23.81,42.1,1,9.17,28.99,-79.24,"{'lon': -79.24, 'lat': 42.1}",US
15,2123814,Leningradskiy,91,-20.16,69.38,51,4.83,-20.16,178.42,"{'lon': 178.42, 'lat': 69.38}",RU
16,1507390,Dikson,95,-13.23,73.51,100,14.88,-13.23,80.55,"{'lon': 80.55, 'lat': 73.51}",RU
17,2163355,Hobart,67,60.33,-42.88,75,9.17,62.6,147.33,"{'lon': 147.33, 'lat': -42.88}",AU
18,3430863,Mar del Plata,94,69.24,-38.0,40,5.82,69.8,-57.56,"{'lon': -57.56, 'lat': -38}",AR
19,1106677,Bambous Virieux,94,78.89,-20.34,75,11.41,79.0,57.76,"{'lon': 57.76, 'lat': -20.34}",MU
20,1735106,George Town,78,80.82,5.41,20,3.36,82.4,100.34,"{'lon': 100.34, 'lat': 5.41}",MY
21,779622,Avanuorri,68,24.8,71.0,75,23.04,24.8,24.66,"{'lon': 24.66, 'lat': 71}",NO
22,3372472,Vila Franca do Campo,82,55.4,37.72,75,10.29,55.4,-25.43,"{'lon': -25.43, 'lat': 37.72}",PT
23,6201424,Mataura,74,64.0,-46.19,43,14.0,64.0,168.86,"{'lon': 168.86, 'lat': -46.19}",NZ
24,5392593,San Ramon,82,56.53,37.78,1,4.7,61.0,-121.98,"{'lon': -121.98, 'lat': 37.78}",US
25,3424607,Tasiilaq,62,19.4,65.61,0,32.21,19.4,-37.64,"{'lon': -37.64, 'lat': 65.61}",GL
26,5855927,Hilo,54,74.55,19.73,20,13.87,80.6,-155.09,"{'lon': -155.09, 'lat': 19.73}",US
27,578947,Baryatino,69,26.19,54.31,100,13.87,26.19,34.52,"{'lon': 34.52, 'lat': 54.31}",RU
28,3373329,Arrifes,82,55.4,37.77,75,10.29,55.4,-25.7,"{'lon': -25.7, 'lat': 37.77}",PT
29,1058381,Morondava,92,72.48,-20.28,100,4.45,72.48,44.28,"{'lon': 44.28, 'lat': -20.28}",MG
30,3421193,Paamiut,70,19.15,61.99,100,7.45,19.15,-49.67,"{'lon': -49.67, 'lat': 61.99}",GL
31,3366880,Hermanus,86,66.88,-34.42,6,7.0,70.0,19.23,"{'lon': 19.23, 'lat': -34.42}",ZA
32,2206089,Sandy Bay,67,60.33,-42.91,75,9.17,62.6,147.35,"{'lon': 147.35, 'lat': -42.91}",AU
33,6165406,Thompson,83,-4.0,55.74,20,2.24,-4.0,-97.86,"{'lon': -97.86, 'lat': 55.74}",CA
34,1649150,Bengkulu,95,73.2,-3.8,97,3.29,73.2,102.27,"{'lon': 102.27, 'lat': -3.8}",ID
35,1015776,Bredasdorp,86,64.0,-34.53,36,7.0,64.0,20.04,"{'lon': 20.04, 'lat': -34.53}",ZA
36,6089245,Norman Wells,76,-5.8,65.28,75,2.24,-5.8,-126.83,"{'lon': -126.83, 'lat': 65.28}",CA
37,3652764,Puerto Ayora,69,77.59,-0.74,75,10.29,80.6,-90.35,"{'lon': -90.35, 'lat': -0.74}",EC
38,1816751,Beidao,59,37.2,34.57,67,3.83,37.2,105.89,"{'lon': 105.89, 'lat': 34.57}",CN
39,5282297,Bethel,73,25.38,41.37,1,1.66,30.0,-73.41,"{'lon': -73.41, 'lat': 41.37}",US
40,2729907,Longyearbyen,59,3.2,78.22,21,2.24,3.2,15.64,"{'lon': 15.64, 'lat': 78.22}",SJ
41,1504442,Karatuzskoye,82,12.13,53.61,100,4.59,12.13,92.87,"{'lon': 92.87, 'lat': 53.61}",RU
42,3418910,Upernavik,93,0.32,72.79,100,8.79,0.32,-56.15,"{'lon': -56.15, 'lat': 72.79}",GL
43,5134295,Rome,73,25.0,43.21,1,5.82,30.0,-75.46,"{'lon': -75.46, 'lat': 43.21}",US
44,5880054,Barrow,76,-4.0,71.29,75,10.29,-4.0,-156.79,"{'lon': -156.79, 'lat': 71.29}",US
45,1254046,Tura,47,63.3,25.52,0,3.22,63.3,90.22,"{'lon': 90.22, 'lat': 25.52}",IN
46,964420,Port Elizabeth,88,62.6,-33.92,20,6.93,62.6,25.57,"{'lon': 25.57, 'lat': -33.92}",ZA
47,5557293,Sitka,86,38.44,57.05,90,7.94,39.2,-135.33,"{'lon': -135.33, 'lat': 57.05}",US
48,3893629,Coquimbo,82,64.4,-29.95,74,5.82,64.4,-71.34,"{'lon': -71.34, 'lat': -29.95}",CL
49,4020109,Atuona,70,81.19,-9.8,74,9.71,81.19,-139.03,"{'lon': -139.03, 'lat': -9.8}",PF
50,3664716,Canutama,93,74.68,-6.53,94,1.9,74.68,-64.38,"{'lon': -64.38, 'lat': -6.53}",BR
51,3897774,Buin,56,73.38,-33.73,0,13.87,75.2,-70.75,"{'lon': -70.75, 'lat': -33.73}",CL
52,1513491,Yangi Marg`ilon,86,27.14,40.43,75,4.7,28.4,71.72,"{'lon': 71.72, 'lat': 40.43}",UZ
53,3372707,Ribeira Grande,76,53.1,38.52,1,7.29,53.1,-28.7,"{'lon': -28.7, 'lat': 38.52}",PT
54,5848280,Kapaa,65,78.87,22.08,1,10.29,79.0,-159.32,"{'lon': -159.32, 'lat': 22.08}",US
55,2128558,Otofuke,59,32.95,42.99,20,4.7,33.8,143.2,"{'lon': 143.2, 'lat': 42.99}",JP
56,4036284,Alofi,55,86.0,-19.06,20,11.41,86.0,-169.92,"{'lon': -169.92, 'lat': -19.06}",NU
57,610864,Khani,93,37.4,41.96,90,6.93,37.4,42.96,"{'lon': 42.96, 'lat': 41.96}",GE
58,2132606,Samarai,62,87.85,-10.62,61,3.2,87.85,150.67,"{'lon': 150.67, 'lat': -10.62}",PG
59,1863997,Fukuecho,82,62.6,32.69,40,3.36,62.6,128.84,"{'lon': 128.84, 'lat': 32.69}",JP
60,3883457,Lebu,97,52.72,-37.62,0,2.53,52.72,-73.65,"{'lon': -73.65, 'lat': -37.62}",CL
61,2092164,Lorengau,77,83.1,-2.02,0,13.67,83.1,147.27,"{'lon': 147.27, 'lat': -2.02}",PG
62,3146487,Raudeberg,93,44.74,61.99,100,26.4,46.0,5.14,"{'lon': 5.14, 'lat': 61.99}",NO
63,3466165,Cidreira,81,71.49,-30.18,94,12.15,71.49,-50.21,"{'lon': -50.21, 'lat': -30.18}",BR
64,3831208,Qaanaaq,51,-7.71,77.48,39,6.38,-7.71,-69.36,"{'lon': -69.36, 'lat': 77.48}",GL
65,2058430,Whyalla,43,73.4,-33.03,90,20.8,73.4,137.58,"{'lon': 137.58, 'lat': -33.03}",AU
66,1856392,Muroto,100,53.6,33.28,75,6.93,53.6,134.15,"{'lon': 134.15, 'lat': 33.28}",JP
67,568527,Chernyshkovskiy,97,32.56,48.42,99,13.56,32.56,42.23,"{'lon': 42.23, 'lat': 48.42}",RU
68,2156643,Mount Gambier,71,57.2,-37.83,75,26.4,57.2,140.77,"{'lon': 140.77, 'lat': -37.83}",AU
69,1793424,Taku,86,30.2,39.02,44,4.47,30.2,117.65,"{'lon': 117.65, 'lat': 39.02}",CN
70,1270779,Guhagar,52,77.86,17.48,84,8.55,77.86,73.19,"{'lon': 73.19, 'lat': 17.48}",IN
71,3355672,Luderitz,82,64.4,-26.65,0,2.24,64.4,15.16,"{'lon': 15.16, 'lat': -26.65}",NA
72,4032243,Vaini,79,84.2,-21.2,40,13.87,84.2,-175.2,"{'lon': -175.2, 'lat': -21.2}",TO
73,2447513,Arlit,15,64.29,18.74,26,6.98,64.29,7.39,"{'lon': 7.39, 'lat': 18.74}",NE
74,159134,Inyonga,95,65.98,-6.72,100,3.62,65.98,32.07,"{'lon': 32.07, 'lat': -6.72}",TZ
75,643493,Oulu,74,28.4,65.0,88,12.75,28.4,25.5,"{'lon': 25.5, 'lat': 65}",FI
76,3454005,Piacabucu,82,80.35,-10.41,100,9.26,80.35,-36.43,"{'lon': -36.43, 'lat': -10.41}",BR
77,6170031,Tuktoyaktuk,75,-14.8,69.45,90,8.05,-14.8,-133.04,"{'lon': -133.04, 'lat': 69.45}",CA
78,1252783,Yarada,100,68.0,17.65,40,2.24,68.0,83.27,"{'lon': 83.27, 'lat': 17.65}",IN
79,6167817,Torbay,79,21.69,47.67,90,10.29,23.0,-52.73,"{'lon': -52.73, 'lat': 47.67}",CA
80,2074865,Carnarvon,47,78.8,-24.87,0,17.22,78.8,113.63,"{'lon': 113.63, 'lat': -24.87}",AU
81,3984997,San Quintin,84,58.14,30.48,33,11.3,58.14,-115.95,"{'lon': -115.95, 'lat': 30.48}",MX
82,2644210,Liverpool,100,43.03,53.41,90,1.12,45.0,-2.98,"{'lon': -2.98, 'lat': 53.41}",GB
83,3687238,Cartagena,78,82.4,10.4,75,6.93,82.4,-75.51,"{'lon': -75.51, 'lat': 10.4}",CO
84,1244926,Hambantota,100,75.2,6.12,20,8.05,75.2,81.12,"{'lon': 81.12, 'lat': 6.12}",LK
85,3372783,Ponta Delgada,82,55.4,37.73,75,10.29,55.4,-25.67,"{'lon': -25.67, 'lat': 37.73}",PT
86,236524,Rafai,25,61.52,4.95,100,4.76,61.52,23.92,"{'lon': 23.92, 'lat': 4.95}",CF
87,5877641,Wasilla,85,13.39,61.58,90,0.98,15.8,-149.44,"{'lon': -149.44, 'lat': 61.58}",US
88,556268,Ostrovnoy,87,23.4,68.05,100,27.22,23.4,39.51,"{'lon': 39.51, 'lat': 68.05}",RU
89,1916249,Jinxiang,83,71.01,22.86,90,4.68,71.01,115.7,"{'lon': 115.7, 'lat': 22.86}",CN
90,5563839,Fortuna,71,55.9,40.6,90,5.57,57.0,-124.16,"{'lon': -124.16, 'lat': 40.6}",US
91,695826,Rakiv Lis,80,31.71,51.62,48,12.82,31.71,24.92,"{'lon': 24.92, 'lat': 51.62}",UA
92,1855342,Nishihara,73,71.96,26.18,75,11.41,73.4,127.76,"{'lon': 127.76, 'lat': 26.18}",JP
93,6111862,Port Hardy,87,42.8,50.7,90,29.97,42.8,-127.42,"{'lon': -127.42, 'lat': 50.7}",CA
94,6690296,Saint-Joseph,88,74.84,-21.37,75,9.17,80.6,55.62,"{'lon': 55.62, 'lat': -21.37}",RE
95,1280849,Kashgar,67,17.6,39.45,70,6.71,17.6,75.98,"{'lon': 75.98, 'lat': 39.45}",CN
96,2138555,Poum,75,79.72,-20.23,0,12.97,79.72,164.02,"{'lon': 164.02, 'lat': -20.23}",NC
97,2015306,Tiksi,86,-28.12,71.69,48,4.07,-28.12,128.87,"{'lon': 128.87, 'lat': 71.69}",RU
98,2126123,Chokurdakh,97,-20.58,70.63,100,8.84,-20.58,147.92,"{'lon': 147.92, 'lat': 70.63}",RU
99,964432,Port Alfred,96,63.0,-33.59,92,3.0,63.0,26.89,"{'lon': 26.89, 'lat': -33.59}",ZA
100,5866583,Kodiak,53,26.6,57.79,1,6.93,26.6,-152.41,"{'lon': -152.41, 'lat': 57.79}",US
101,1213855,Sibolga,58,85.21,1.74,0,3.11,85.21,98.78,"{'lon': 98.78, 'lat': 1.74}",ID
102,3448903,Sao Joao da Barra,89,73.13,-21.64,100,6.13,73.13,-41.05,"{'lon': -41.05, 'lat': -21.64}",BR
103,686090,Asau,64,37.26,46.43,90,10.29,37.4,26.4,"{'lon': 26.4, 'lat': 46.43}",RO
104,3461425,Ilhabela,76,76.96,-23.78,100,10.65,76.96,-45.36,"{'lon': -45.36, 'lat': -23.78}",BR
105,3374210,Sao Filipe,78,70.54,14.9,99,7.23,70.54,-24.5,"{'lon': -24.5, 'lat': 14.9}",CV
106,2094342,Kavieng,75,83.7,-2.57,0,12.86,83.7,150.8,"{'lon': 150.8, 'lat': -2.57}",PG
107,2022572,Khatanga,87,-33.32,71.97,88,9.62,-33.32,102.5,"{'lon': 102.5, 'lat': 71.97}",RU
108,4787534,Sterling,58,27.75,39.01,20,1.99,32.0,-77.43,"{'lon': -77.43, 'lat': 39.01}",US
109,2437798,Zinder,17,61.39,13.81,21,12.55,61.39,8.99,"{'lon': 8.99, 'lat': 13.81}",NE
110,935215,Saint-Philippe,88,74.75,-21.36,75,9.17,80.6,55.77,"{'lon': 55.77, 'lat': -21.36}",RE
111,3174050,Provincia di Mantova,100,34.27,45.17,5,5.82,37.99,10.78,"{'lon': 10.78, 'lat': 45.17}",IT
112,3838583,Rosario,78,78.26,-32.95,0,5.82,82.99,-60.64,"{'lon': -60.64, 'lat': -32.95}",AR
113,1488903,Turukhansk,94,-2.4,65.82,100,12.39,-2.4,87.98,"{'lon': 87.98, 'lat': 65.82}",RU
114,3985168,San Patricio,71,79.27,19.22,23,4.7,79.27,-104.7,"{'lon': -104.7, 'lat': 19.22}",MX
115,3608828,Iralaya,100,73.4,15.0,75,14.99,73.4,-83.23,"{'lon': -83.23, 'lat': 15}",HN
116,3379316,Lethem,54,82.2,3.38,94,8.23,82.2,-59.8,"{'lon': -59.8, 'lat': 3.38}",GY
117,1855612,Nara,93,48.22,34.69,75,2.24,48.99,135.8,"{'lon': 135.8, 'lat': 34.69}",JP
118,5520552,Dumas,60,45.19,35.87,1,4.47,51.8,-101.97,"{'lon': -101.97, 'lat': 35.87}",US
119,3570392,Le Vauclin,88,75.96,14.55,84,2.24,78.01,-60.84,"{'lon': -60.84, 'lat': 14.55}",MQ
120,1214488,Meulaboh,78,80.67,4.14,85,7.36,80.67,96.13,"{'lon': 96.13, 'lat': 4.14}",ID
121,4575352,Columbia,47,38.3,34.0,1,6.93,42.8,-81.03,"{'lon': -81.03, 'lat': 34}",US
122,2121385,Severo-Kuril'sk,81,18.37,50.68,97,13.33,18.37,156.12,"{'lon': 156.12, 'lat': 50.68}",RU
123,3627047,Santa Teresa del Tuy,83,76.68,10.23,40,2.51,78.8,-66.66,"{'lon': -66.66, 'lat': 10.23}",VE
124,2122389,Ossora,89,-9.35,59.24,0,3.83,-9.35,163.07,"{'lon': 163.07, 'lat': 59.24}",RU
125,2316259,Bulungu,86,72.07,-4.55,100,2.26,72.07,18.6,"{'lon': 18.6, 'lat': -4.55}",CD
126,934322,Mahebourg,94,78.87,-20.41,75,11.41,79.0,57.7,"{'lon': 57.7, 'lat': -20.41}",MU
127,2303611,Esim,90,77.76,4.87,99,3.04,77.76,-2.24,"{'lon': -2.24, 'lat': 4.87}",GH
128,292968,Abu Dhabi,64,67.14,24.47,0,13.87,68.0,54.37,"{'lon': 54.37, 'lat': 24.47}",AE
129,2027044,Batagay,97,-25.33,67.63,99,0.98,-25.33,134.63,"{'lon': 134.63, 'lat': 67.63}",RU
130,5554072,Juneau,86,34.39,58.3,90,5.1,35.6,-134.42,"{'lon': -134.42, 'lat': 58.3}",US
131,2119283,Zyryanka,94,-31.22,65.75,4,3.11,-31.22,150.85,"{'lon': 150.85, 'lat': 65.75}",RU
132,2633406,Yate,100,44.11,51.54,90,9.17,45.0,-2.42,"{'lon': -2.42, 'lat': 51.54}",GB
133,4035715,Avarua,88,80.6,-21.21,100,8.05,80.6,-159.78,"{'lon': -159.78, 'lat': -21.21}",CK
134,3392126,Pilar,88,78.8,-9.6,20,4.7,78.8,-35.96,"{'lon': -35.96, 'lat': -9.6}",BR
135,3524744,Las Margaritas,91,50.74,16.32,0,2.75,50.74,-91.98,"{'lon': -91.98, 'lat': 16.32}",MX
136,3521108,Progreso,56,68.0,21.28,5,8.05,68.0,-89.67,"{'lon': -89.67, 'lat': 21.28}",MX
137,3115824,Muros,93,47.5,42.78,40,3.36,53.01,-9.06,"{'lon': -9.06, 'lat': 42.78}",ES
138,3646767,Caraballeda,83,76.71,10.61,40,3.44,78.8,-66.85,"{'lon': -66.85, 'lat': 10.61}",VE
139,2172880,Byron Bay,74,86.36,-28.65,40,17.22,91.4,153.62,"{'lon': 153.62, 'lat': -28.65}",AU
140,565289,Donskoye,64,39.15,45.46,40,29.08,39.2,41.97,"{'lon': 41.97, 'lat': 45.46}",RU
141,1818004,Mabai,78,61.0,23.01,97,5.66,61.0,104.45,"{'lon': 104.45, 'lat': 23.01}",CN
142,3664301,Envira,93,74.97,-7.3,100,1.07,74.97,-70.22,"{'lon': -70.22, 'lat': -7.3}",BR
143,3414079,Olafsvik,58,32.54,64.89,100,45.9,32.54,-23.71,"{'lon': -23.71, 'lat': 64.89}",IS
144,3944399,Chancay,78,75.2,-11.57,90,5.82,75.2,-77.27,"{'lon': -77.27, 'lat': -11.57}",PE
145,2332515,Lafia,24,69.93,8.48,67,2.64,69.93,8.52,"{'lon': 8.52, 'lat': 8.48}",NG
146,4160795,Key Largo,67,57.09,25.09,1,12.75,59.0,-80.45,"{'lon': -80.45, 'lat': 25.09}",US
147,3166595,Sestri Levante,70,47.14,44.27,0,2.24,53.01,9.4,"{'lon': 9.4, 'lat': 44.27}",IT
148,2159220,Mackay,62,88.3,-21.15,75,10.29,90.0,149.2,"{'lon': 149.2, 'lat': -21.15}",AU
149,5380437,Pacific Grove,87,55.9,36.62,20,4.7,60.8,-121.92,"{'lon': -121.92, 'lat': 36.62}",US
150,6355222,Yulara,23,86.0,-25.24,50,14.99,86.0,130.99,"{'lon': 130.99, 'lat': -25.24}",AU
151,127319,Khorramshahr,66,47.39,30.44,0,4.7,48.2,48.17,"{'lon': 48.17, 'lat': 30.44}",IR
152,2381972,Adrar,29,63.0,20.5,100,7.49,63.0,-10.07,"{'lon': -10.07, 'lat': 20.5}",MR
153,2155742,Narrabri,34,96.48,-30.32,40,21.92,96.8,149.78,"{'lon': 149.78, 'lat': -30.32}",AU
154,1529484,Kumul,79,10.74,42.8,58,3.04,10.74,93.45,"{'lon': 93.45, 'lat': 42.8}",CN
155,2122090,Pevek,99,-18.35,69.7,100,4.27,-18.35,170.31,"{'lon': 170.31, 'lat': 69.7}",RU
156,1640344,Kendari,81,82.92,-3.94,100,6.73,82.92,122.5,"{'lon': 122.5, 'lat': -3.94}",ID
157,3443061,Chui,82,70.14,-33.7,0,9.86,70.14,-53.46,"{'lon': -53.46, 'lat': -33.7}",UY
158,6113335,Prince Albert,85,21.2,53.2,90,9.17,21.2,-105.77,"{'lon': -105.77, 'lat': 53.2}",CA
159,3869716,Tocopilla,76,61.88,-22.09,78,4.43,61.88,-70.2,"{'lon': -70.2, 'lat': -22.09}",CL
160,2137773,Vao,74,77.2,-22.67,0,15.43,77.2,167.48,"{'lon': 167.48, 'lat': -22.67}",NC
161,1283240,Kathmandu,93,35.6,27.72,20,3.85,35.6,85.32,"{'lon': 85.32, 'lat': 27.72}",NP
162,4226364,Thomaston,38,39.0,32.89,1,4.7,44.6,-84.33,"{'lon': -84.33, 'lat': 32.89}",US
163,2112309,Katsuura,75,43.47,35.13,75,8.05,45.0,140.3,"{'lon': 140.3, 'lat': 35.13}",JP
164,70979,Sayyan,90,49.05,15.17,1,4.29,49.05,44.32,"{'lon': 44.32, 'lat': 15.17}",YE
165,2109701,Auki,70,84.54,-8.77,10,9.37,84.54,160.7,"{'lon': 160.7, 'lat': -8.77}",SB
166,3466980,Caravelas,86,78.33,-17.71,100,26.35,78.33,-39.25,"{'lon': -39.25, 'lat': -17.71}",BR
167,546105,Nikolskoye,50,26.96,59.7,75,24.61,28.4,30.79,"{'lon': 30.79, 'lat': 59.7}",RU
168,1337612,Dhidhdhoo,77,81.97,6.88,67,12.97,81.97,73.1,"{'lon': 73.1, 'lat': 6.88}",MV
169,2487130,Sidi Ali,78,47.03,36.1,0,5.19,47.03,0.42,"{'lon': 0.42, 'lat': 36.1}",DZ
170,2962961,Letterkenny,98,42.96,54.95,97,3.49,42.96,-7.73,"{'lon': -7.73, 'lat': 54.95}",IE
171,1714733,Dingle,71,79.59,11.0,15,12.97,79.59,122.67,"{'lon': 122.67, 'lat': 11}",PH
172,551439,Kazanskaya,95,36.07,45.41,100,23.11,36.07,40.44,"{'lon': 40.44, 'lat': 45.41}",RU
173,2013392,Vilyuysk,96,-26.36,63.76,100,6.31,-26.36,121.62,"{'lon': 121.62, 'lat': 63.76}",RU
174,1794209,Simao,42,63.86,22.79,0,3.18,63.86,100.97,"{'lon': 100.97, 'lat': 22.79}",CN
175,296852,Erzin,34,41.05,36.96,0,9.17,48.2,36.2,"{'lon': 36.2, 'lat': 36.96}",TR
176,1510041,Biryusinsk,84,-1.26,55.96,100,5.68,-1.26,97.82,"{'lon': 97.82, 'lat': 55.96}",RU
177,2013375,Vitim,90,-17.27,59.45,100,9.75,-17.27,112.56,"{'lon': 112.56, 'lat': 59.45}",RU
178,5972762,Hay River,92,19.4,60.82,75,6.93,19.4,-115.8,"{'lon': -115.8, 'lat': 60.82}",CA
179,4031742,Egvekinot,99,-23.66,66.32,0,0.89,-23.66,-179.17,"{'lon': -179.17, 'lat': 66.32}",RU
180,3397763,Jacareacanga,97,73.56,-6.22,100,1.32,73.56,-57.75,"{'lon': -57.75, 'lat': -6.22}",BR
181,2012956,Yerbogachen,96,-19.41,61.28,100,6.06,-19.41,108.01,"{'lon': 108.01, 'lat': 61.28}",RU
182,6062563,Macamic,86,30.2,48.75,90,17.22,30.2,-79.0,"{'lon': -79, 'lat': 48.75}",CA
183,3407762,Amapa,89,70.25,1.0,40,4.54,70.25,-52.0,"{'lon': -52, 'lat': 1}",BR
184,2109528,Buala,73,84.63,-8.14,66,8.97,84.63,159.59,"{'lon': 159.59, 'lat': -8.14}",SB
185,1849892,Tottori,100,47.39,35.5,75,2.24,48.2,134.23,"{'lon': 134.23, 'lat': 35.5}",JP
186,58933,Garoowe,77,71.06,8.41,3,8.99,71.06,48.48,"{'lon': 48.48, 'lat': 8.41}",SO
187,2070998,Geraldton,50,75.2,-28.77,20,19.46,75.2,114.6,"{'lon': 114.6, 'lat': -28.77}",AU
188,4021858,Guerrero Negro,84,60.33,27.98,0,11.7,60.33,-114.06,"{'lon': -114.06, 'lat': 27.98}",MX
189,2618795,Klaksvik,100,46.4,62.23,100,10.29,46.4,-6.59,"{'lon': -6.59, 'lat': 62.23}",FO
190,1337610,Thinadhoo,82,83.88,0.53,0,17.11,83.88,72.93,"{'lon': 72.93, 'lat': 0.53}",MV
191,5262680,Merrill,100,29.14,45.18,90,9.64,30.2,-89.68,"{'lon': -89.68, 'lat': 45.18}",US
192,3178245,Comacchio,93,33.93,44.7,0,1.12,37.0,12.19,"{'lon': 12.19, 'lat': 44.7}",IT
193,1171991,Liliani,61,48.06,32.21,0,6.53,48.06,72.95,"{'lon': 72.95, 'lat': 32.21}",PK
194,3491161,Bull Savanna,84,60.78,17.89,8,9.84,60.78,-77.59,"{'lon': -77.59, 'lat': 17.89}",JM
195,2455290,Kidal,18,70.56,18.44,79,9.46,70.56,1.41,"{'lon': 1.41, 'lat': 18.44}",ML
196,934479,Grand Gaube,94,78.91,-20.01,75,11.41,79.0,57.66,"{'lon': 57.66, 'lat': -20.01}",MU
197,3461888,Guarapari,94,73.24,-20.67,90,2.24,73.4,-40.5,"{'lon': -40.5, 'lat': -20.67}",BR
198,2126785,Belaya Gora,93,-29.06,68.53,95,4.47,-29.06,146.42,"{'lon': 146.42, 'lat': 68.53}",RU
199,737021,Zonguldak,59,30.49,41.25,33,4.63,30.49,31.83,"{'lon': 31.83, 'lat': 41.25}",TR
200,2112802,Hasaki,93,40.53,35.73,90,6.93,42.8,140.83,"{'lon': 140.83, 'lat': 35.73}",JP
201,1526041,Atasu,91,21.87,48.68,100,28.45,21.87,71.64,"{'lon': 71.64, 'lat': 48.68}",KZ
202,933995,Souillac,94,78.87,-20.52,75,11.41,79.0,57.52,"{'lon': 57.52, 'lat': -20.52}",MU
203,3899695,Ancud,67,62.6,-41.87,0,10.29,62.6,-73.82,"{'lon': -73.82, 'lat': -41.87}",CL
204,1792916,Tianpeng,100,51.37,30.99,44,2.24,55.99,103.94,"{'lon': 103.94, 'lat': 30.99}",CN
205,3453060,Pontes e Lacerda,86,75.61,-15.23,100,3.24,75.61,-59.34,"{'lon': -59.34, 'lat': -15.23}",BR
206,3369157,Cape Town,59,66.0,-33.93,0,8.05,70.0,18.42,"{'lon': 18.42, 'lat': -33.93}",ZA
207,3190042,Stanisic,92,26.6,45.94,20,9.17,26.6,19.17,"{'lon': 19.17, 'lat': 45.94}",RS
208,197745,Garissa,75,76.95,-0.45,77,7.45,76.95,39.64,"{'lon': 39.64, 'lat': -0.45}",KE
209,1799491,Neijiang,59,53.38,29.58,66,2.68,53.38,105.06,"{'lon': 105.06, 'lat': 29.58}",CN
210,2017378,Rudnogorsk,94,-17.03,57.26,81,5.66,-17.03,103.75,"{'lon': 103.75, 'lat': 57.26}",RU
211,1490256,Talnakh,83,-4.0,69.49,75,20.13,-4.0,88.4,"{'lon': 88.4, 'lat': 69.49}",RU
212,3653967,Muisne,86,77.97,0.6,98,3.51,77.97,-80.03,"{'lon': -80.03, 'lat': 0.6}",EC
213,2136825,Isangel,78,82.4,-19.55,75,3.36,82.4,169.27,"{'lon': 169.27, 'lat': -19.55}",VU
214,1563281,Tuy Hoa,85,74.21,13.08,66,7.7,74.21,109.3,"{'lon': 109.3, 'lat': 13.08}",VN
215,1496511,Novyy Urengoy,94,1.29,66.08,100,17.6,1.29,76.63,"{'lon': 76.63, 'lat': 66.08}",RU
216,2236967,Soyo,92,77.97,-6.13,97,3.09,77.97,12.37,"{'lon': 12.37, 'lat': -6.13}",AO
217,1715335,Davila,78,75.2,18.47,20,6.93,75.2,120.58,"{'lon': 120.58, 'lat': 18.47}",PH
218,2028164,Deputatsky,91,-25.67,69.3,86,3.74,-25.67,139.9,"{'lon': 139.9, 'lat': 69.3}",RU
219,110690,Abha,87,52.66,18.22,75,6.93,53.6,42.51,"{'lon': 42.51, 'lat': 18.22}",SA
220,6050066,La Ronge,92,17.6,55.1,90,4.7,17.6,-105.28,"{'lon': -105.28, 'lat': 55.1}",CA
221,5973108,Hearst,96,26.89,49.68,100,6.89,26.89,-83.67,"{'lon': -83.67, 'lat': 49.68}",CA
222,359792,Aswan,52,46.4,24.09,0,5.82,46.4,32.91,"{'lon': 32.91, 'lat': 24.09}",EG
223,2456917,Goundam,21,75.54,16.41,100,7.0,75.54,-3.67,"{'lon': -3.67, 'lat': 16.41}",ML
224,986717,Kruisfontein,93,58.1,-34.0,33,5.37,58.1,24.73,"{'lon': 24.73, 'lat': -34}",ZA
225,1282256,Hithadhoo,80,84.72,-0.6,2,16.24,84.72,73.08,"{'lon': 73.08, 'lat': -0.6}",MV
226,2332453,Lagos,78,80.6,6.58,20,3.36,80.6,3.75,"{'lon': 3.75, 'lat': 6.58}",NG
227,293842,Kiryat Gat,87,44.38,31.61,40,1.12,48.2,34.76,"{'lon': 34.76, 'lat': 31.61}",IL
228,2264557,Ponta do Sol,58,55.13,32.67,20,6.93,59.0,-17.1,"{'lon': -17.1, 'lat': 32.67}",PT
229,5468773,Gallup,60,38.82,35.53,1,5.82,39.2,-108.74,"{'lon': -108.74, 'lat': 35.53}",US
230,64013,Bosaso,73,76.1,11.28,95,9.44,76.1,49.18,"{'lon': 49.18, 'lat': 11.28}",SO
231,1501000,Kyshtovka,92,20.23,56.55,100,19.44,20.23,76.63,"{'lon': 76.63, 'lat': 56.55}",RU
232,2312888,Mbanza-Ngungu,97,68.43,-5.25,26,2.33,68.43,14.87,"{'lon': 14.87, 'lat': -5.25}",CD
233,107304,Buraidah,75,41.0,26.33,0,2.24,41.0,43.98,"{'lon': 43.98, 'lat': 26.33}",SA
234,129933,Juybar,93,35.6,36.64,26,4.7,35.6,52.91,"{'lon': 52.91, 'lat': 36.64}",IR
235,1803936,Wuwei,35,30.0,37.93,77,1.66,30.0,102.64,"{'lon': 102.64, 'lat': 37.93}",CN
236,2121909,Poronaysk,77,12.09,49.22,0,0.89,12.09,143.12,"{'lon': 143.12, 'lat': 49.22}",RU
237,777019,Vardo,75,26.78,70.37,100,23.31,26.78,31.11,"{'lon': 31.11, 'lat': 70.37}",NO
238,3514633,Vista Hermosa,39,63.27,19.52,75,6.71,66.2,-99.22,"{'lon': -99.22, 'lat': 19.52}",MX
239,5563397,Eureka,71,55.83,40.8,90,3.91,57.0,-124.16,"{'lon': -124.16, 'lat': 40.8}",US
240,3421719,Narsaq,72,15.8,60.92,62,3.36,15.8,-46.05,"{'lon': -46.05, 'lat': 60.92}",GL
241,1717787,Catuday,70,75.6,16.29,0,6.89,75.6,119.81,"{'lon': 119.81, 'lat': 16.29}",PH
242,6620339,Karratha,72,84.56,-20.74,0,16.62,84.56,116.85,"{'lon': 116.85, 'lat': -20.74}",AU
243,169389,Idlib,34,48.2,35.93,0,9.17,48.2,36.63,"{'lon': 36.63, 'lat': 35.93}",SY
244,2176639,Batemans Bay,20,97.7,-35.72,100,13.0,100.0,150.18,"{'lon': 150.18, 'lat': -35.72}",AU
245,866062,Iskateley,94,14.41,67.68,100,13.31,14.41,53.15,"{'lon': 53.15, 'lat': 67.68}",RU
246,3633009,Maracaibo,75,80.47,10.63,100,13.87,80.47,-71.64,"{'lon': -71.64, 'lat': 10.63}",VE
247,3361934,Saldanha,63,66.2,-33.01,0,2.24,66.2,17.94,"{'lon': 17.94, 'lat': -33.01}",ZA
248,2629833,Husavik,43,33.8,66.04,75,41.38,33.8,-17.34,"{'lon': -17.34, 'lat': 66.04}",IS
249,3421765,Nanortalik,76,25.36,60.14,100,22.5,25.36,-45.24,"{'lon': -45.24, 'lat': 60.14}",GL
250,333795,Jijiga,77,55.15,9.35,5,7.63,55.15,42.8,"{'lon': 42.8, 'lat': 9.35}",ET
251,2145875,Tumut,51,75.33,-35.3,100,11.03,75.33,148.22,"{'lon': 148.22, 'lat': -35.3}",AU
252,1235846,Matara,71,81.77,5.95,24,12.08,81.77,80.54,"{'lon': 80.54, 'lat': 5.95}",LK
253,189280,Lodwar,25,82.13,3.12,95,10.07,82.13,35.6,"{'lon': 35.6, 'lat': 3.12}",KE
254,2108502,Honiara,70,87.8,-9.43,20,11.41,87.8,159.95,"{'lon': 159.95, 'lat': -9.43}",SB
255,1687894,Santa Rosa,61,83.14,14.31,20,11.41,84.0,121.11,"{'lon': 121.11, 'lat': 14.31}",PH
256,2162662,Inverell,55,87.57,-29.78,0,11.01,90.0,151.12,"{'lon': 151.12, 'lat': -29.78}",AU
257,2122783,Katangli,86,7.0,51.71,11,6.35,7.0,143.23,"{'lon': 143.23, 'lat': 51.71}",RU
258,3625929,Tucupita,93,68.79,9.06,52,3.24,68.79,-62.05,"{'lon': -62.05, 'lat': 9.06}",VE
259,1789647,Xichang,58,38.12,27.9,0,6.69,38.12,102.26,"{'lon': 102.26, 'lat': 27.9}",CN
260,1489656,Teya,94,-9.11,60.38,0,5.03,-9.11,92.63,"{'lon': 92.63, 'lat': 60.38}",RU
261,2171099,Codrington,66,59.27,-38.27,32,37.56,59.27,141.97,"{'lon': 141.97, 'lat': -38.27}",AU
262,4951594,Southbridge,63,23.58,42.08,1,10.29,28.0,-72.03,"{'lon': -72.03, 'lat': 42.08}",US
263,3674676,Mitu,78,77.58,1.2,99,2.01,77.58,-70.17,"{'lon': -70.17, 'lat': 1.2}",CO
264,5655240,Great Falls,47,33.98,47.5,1,12.75,37.4,-111.3,"{'lon': -111.3, 'lat': 47.5}",US
265,3386213,Touros,83,80.6,-5.2,20,6.93,80.6,-35.46,"{'lon': -35.46, 'lat': -5.2}",BR
266,2136150,Luganville,66,84.2,-15.53,40,4.7,84.2,167.17,"{'lon': 167.17, 'lat': -15.53}",VU
267,498760,Sapozhok,72,28.99,53.94,87,3.0,28.99,40.68,"{'lon': 40.68, 'lat': 53.94}",RU
268,1045114,Inhambane,65,76.35,-23.86,68,7.09,76.35,35.38,"{'lon': 35.38, 'lat': -23.86}",MZ
269,2123100,Myaundzha,84,-30.71,63.05,59,3.44,-30.71,147.19,"{'lon': 147.19, 'lat': 63.05}",RU
270,371745,Kutum,49,39.42,14.2,0,4.97,39.42,24.67,"{'lon': 24.67, 'lat': 14.2}",SD
271,3932145,Pisco,83,74.21,-13.7,90,3.36,75.2,-76.22,"{'lon': -76.22, 'lat': -13.7}",PE
272,3517970,Pochutla,73,77.92,15.74,40,6.85,78.8,-96.47,"{'lon': -96.47, 'lat': 15.74}",MX
273,2012530,Zhigansk,89,-26.82,66.77,100,6.38,-26.82,123.37,"{'lon': 123.37, 'lat': 66.77}",RU
274,3440777,Rocha,85,66.0,-34.48,0,8.41,66.0,-54.33,"{'lon': -54.33, 'lat': -34.48}",UY
275,2127202,Anadyr,74,-23.44,64.75,0,6.71,-23.01,177.48,"{'lon': 177.48, 'lat': 64.75}",RU
276,2094144,Kerema,44,91.74,-7.96,77,8.03,91.74,145.78,"{'lon': 145.78, 'lat': -7.96}",PG
277,5367788,Lompoc,93,57.2,34.64,90,9.17,64.0,-120.46,"{'lon': -120.46, 'lat': 34.64}",US
278,2126199,Cherskiy,98,-32.98,68.75,100,4.99,-32.98,161.3,"{'lon': 161.3, 'lat': 68.75}",RU
279,286987,Nizwa,86,54.81,22.93,17,1.21,54.81,57.53,"{'lon': 57.53, 'lat': 22.93}",OM
280,2609906,Baltiysk,64,39.2,54.65,75,13.42,39.2,19.91,"{'lon': 19.91, 'lat': 54.65}",RU
281,89113,Ajdabiya,62,55.63,30.76,0,5.7,55.63,20.23,"{'lon': 20.23, 'lat': 30.76}",LY
282,2090021,Namatanai,77,84.15,-3.67,10,15.21,84.15,152.43,"{'lon': 152.43, 'lat': -3.67}",PG
283,2264508,Portalegre,77,47.66,39.29,100,9.51,48.99,-7.43,"{'lon': -7.43, 'lat': 39.29}",PT
284,1006984,East London,73,70.03,-33.02,98,11.27,70.03,27.91,"{'lon': 27.91, 'lat': -33.02}",ZA
285,2262917,Sines,90,46.99,37.96,6,7.0,46.99,-8.87,"{'lon': -8.87, 'lat': 37.96}",PT
286,1267390,Kavaratti,76,82.47,10.57,2,12.08,82.47,72.64,"{'lon': 72.64, 'lat': 10.57}",IN
287,2100633,Arawa,75,84.02,-6.21,2,7.7,84.02,155.54,"{'lon': 155.54, 'lat': -6.21}",PG
288,5859699,College,75,-11.33,64.86,75,0.87,-5.8,-147.8,"{'lon': -147.8, 'lat': 64.86}",US
289,2514651,Los Llanos de Aridane,55,58.51,28.66,90,6.93,60.8,-17.92,"{'lon': -17.92, 'lat': 28.66}",ES
290,2377457,Nouadhibou,72,60.8,20.93,33,14.99,60.8,-17.03,"{'lon': -17.03, 'lat': 20.93}",MR
291,6542006,Signa,100,38.39,43.79,0,2.24,44.01,11.1,"{'lon': 11.1, 'lat': 43.79}",IT
292,2165478,Gladstone,83,84.56,-23.85,75,8.05,84.99,151.25,"{'lon': 151.25, 'lat': -23.85}",AU
293,370737,Malakal,13,64.27,9.53,5,10.65,64.27,31.66,"{'lon': 31.66, 'lat': 9.53}",SS
294,4944903,Nantucket,73,24.67,41.28,1,5.1,30.0,-70.1,"{'lon': -70.1, 'lat': 41.28}",US
295,3420846,Qaqortoq,72,15.8,60.72,100,3.36,15.8,-46.03,"{'lon': -46.03, 'lat': 60.72}",GL
296,2017155,Saskylakh,92,-39.14,71.92,0,9.33,-39.14,114.08,"{'lon': 114.08, 'lat': 71.92}",RU
297,684635,Bivolari,69,35.78,47.53,40,18.34,37.4,27.43,"{'lon': 27.43, 'lat': 47.53}",RO
298,2016412,Smidovich,90,0.25,48.6,100,5.12,0.25,133.82,"{'lon': 133.82, 'lat': 48.6}",RU
299,4034551,Faanui,75,82.6,-16.48,33,10.11,82.6,-151.75,"{'lon': -151.75, 'lat': -16.48}",PF
300,5416005,Canon City,24,40.06,38.44,40,10.29,50.0,-105.24,"{'lon': -105.24, 'lat': 38.44}",US
301,4362001,Mayo,79,28.08,38.89,1,3.36,32.0,-76.51,"{'lon': -76.51, 'lat': 38.89}",US
302,3939168,Huarmey,77,70.88,-10.07,100,3.04,70.88,-78.15,"{'lon': -78.15, 'lat': -10.07}",PE
303,3389822,Salinopolis,79,81.39,-0.61,79,16.75,81.39,-47.36,"{'lon': -47.36, 'lat': -0.61}",BR
304,2177069,Ballina,74,88.39,-28.87,40,17.22,91.4,153.57,"{'lon': 153.57, 'lat': -28.87}",AU
305,2630299,Hofn,66,38.03,64.25,68,51.81,38.03,-15.21,"{'lon': -15.21, 'lat': 64.25}",IS
306,2448442,Yorosso,21,77.95,12.35,98,8.61,77.95,-4.78,"{'lon': -4.78, 'lat': 12.35}",ML
307,3584003,Puerto El Triunfo,65,78.8,13.28,0,3.36,78.8,-88.55,"{'lon': -88.55, 'lat': 13.28}",SV
308,2444995,Filingue,11,70.54,14.35,97,13.56,70.54,3.32,"{'lon': 3.32, 'lat': 14.35}",NE
309,1214658,Lhokseumawe,76,78.08,5.18,67,4.03,78.08,97.15,"{'lon': 97.15, 'lat': 5.18}",ID
310,103630,Najran,42,62.6,17.49,59,1.32,62.6,44.13,"{'lon': 44.13, 'lat': 17.49}",SA
311,3380290,Sinnamary,74,78.12,5.38,9,12.93,78.12,-52.95,"{'lon': -52.95, 'lat': 5.38}",GF
312,1185116,Netrakona,52,61.47,24.88,0,5.77,61.47,90.72,"{'lon': 90.72, 'lat': 24.88}",BD
313,1174167,Khanpur,58,55.11,28.65,96,5.64,55.11,70.66,"{'lon': 70.66, 'lat': 28.65}",PK
314,3382160,Cayenne,94,71.6,4.93,91,3.36,71.6,-52.33,"{'lon': -52.33, 'lat': 4.93}",GF
315,2191562,Dunedin,68,66.52,-45.87,44,5.1,66.99,170.5,"{'lon': 170.5, 'lat': -45.87}",NZ
316,3157781,Fauske,80,33.51,67.26,75,9.17,35.6,15.39,"{'lon': 15.39, 'lat': 67.26}",NO
317,4562768,Barceloneta,88,74.95,18.45,75,6.93,77.0,-66.54,"{'lon': -66.54, 'lat': 18.45}",PR
318,328716,Shakiso,51,59.99,5.75,100,4.47,59.99,38.92,"{'lon': 38.92, 'lat': 5.75}",ET
319,515805,Oktyabrskoye,65,28.62,43.06,92,3.67,28.62,44.74,"{'lon': 44.74, 'lat': 43.06}",RU
320,5364271,Laguna,71,55.09,38.42,40,3.36,59.0,-121.42,"{'lon': -121.42, 'lat': 38.42}",US
321,109223,Medina,36,48.2,24.47,0,12.75,48.2,39.61,"{'lon': 39.61, 'lat': 24.47}",SA
322,2128975,Nemuro,64,32.0,43.32,20,9.17,32.0,145.57,"{'lon': 145.57, 'lat': 43.32}",JP
323,3471451,Arraial do Cabo,78,78.8,-22.97,20,3.36,78.8,-42.03,"{'lon': -42.03, 'lat': -22.97}",BR
324,2178753,Kirakira,78,82.06,-10.45,56,1.16,82.06,161.92,"{'lon': 161.92, 'lat': -10.45}",SB
325,3443631,Bella Union,70,68.52,-30.28,0,9.08,68.52,-57.6,"{'lon': -57.6, 'lat': -30.28}",UY
326,1263776,Mangan,43,40.59,27.52,0,2.62,40.59,88.53,"{'lon': 88.53, 'lat': 27.52}",IN
327,3832899,Viedma,38,76.6,-40.81,33,20.18,76.6,-63.0,"{'lon': -63, 'lat': -40.81}",AR
328,343137,Awasa,70,60.55,7.05,100,3.89,60.55,38.47,"{'lon': 38.47, 'lat': 7.05}",ET
329,3576994,Cockburn Town,74,73.78,21.46,100,20.47,73.78,-71.14,"{'lon': -71.14, 'lat': 21.46}",TC
330,707453,Ivanivka,83,36.37,46.72,100,17.13,36.37,34.55,"{'lon': 34.55, 'lat': 46.72}",UA
331,1268008,Kanniyakumari,76,80.62,8.08,100,31.88,80.62,77.57,"{'lon': 77.57, 'lat': 8.08}",IN
332,2013279,Vostok,76,12.85,46.49,87,2.04,12.85,135.88,"{'lon': 135.88, 'lat': 46.49}",RU
333,935214,Saint-Pierre,88,74.93,-21.34,75,9.17,80.6,55.48,"{'lon': 55.48, 'lat': -21.34}",RE
334,3480908,La Asuncion,88,80.6,11.03,40,6.51,80.6,-63.86,"{'lon': -63.86, 'lat': 11.03}",VE
335,1687058,Saysain,69,81.36,14.56,75,5.82,84.0,120.39,"{'lon': 120.39, 'lat': 14.56}",PH
336,3985710,Cabo San Lucas,82,69.06,22.89,75,4.7,71.01,-109.91,"{'lon': -109.91, 'lat': 22.89}",MX
337,5861897,Fairbanks,75,-9.4,64.84,75,0.72,-5.8,-147.72,"{'lon': -147.72, 'lat': 64.84}",US
338,2015833,Svobodnyy,94,-2.38,51.4,100,9.22,-2.38,128.13,"{'lon': 128.13, 'lat': 51.4}",RU
339,648090,Lieksa,74,21.52,63.32,0,10.74,21.52,30.02,"{'lon': 30.02, 'lat': 63.32}",FI
340,3374083,Bathsheba,69,78.8,13.22,75,17.22,78.8,-59.52,"{'lon': -59.52, 'lat': 13.22}",BB
341,5546220,Saint George,50,47.97,37.1,1,2.89,53.6,-113.58,"{'lon': -113.58, 'lat': 37.1}",US
342,2068110,Kununurra,70,86.0,-15.77,58,5.82,86.0,128.73,"{'lon': 128.73, 'lat': -15.77}",AU
343,2276492,Harper,94,75.99,4.38,100,2.06,75.99,-7.72,"{'lon': -7.72, 'lat': 4.38}",LR
344,5072006,Lincoln,100,33.48,40.8,90,3.36,35.01,-96.67,"{'lon': -96.67, 'lat': 40.8}",US
345,1264457,Mahalingpur,69,69.03,16.38,35,12.26,69.03,75.12,"{'lon': 75.12, 'lat': 16.38}",IN
346,6149996,Smithers,100,28.4,54.78,90,3.36,28.4,-127.17,"{'lon': -127.17, 'lat': 54.78}",CA
347,244878,Biltine,24,56.39,14.53,0,17.09,56.39,20.92,"{'lon': 20.92, 'lat': 14.53}",TD
348,2063036,Port Lincoln,45,63.77,-34.73,61,21.21,63.77,135.87,"{'lon': 135.87, 'lat': -34.73}",AU
349,2446796,Bilma,21,59.02,18.69,14,9.22,59.02,12.92,"{'lon': 12.92, 'lat': 18.69}",NE
350,3423146,Ilulissat,66,10.4,69.22,100,14.99,10.4,-51.1,"{'lon': -51.1, 'lat': 69.22}",GL
351,5993072,Kitimat,90,33.39,54.05,90,12.75,33.8,-128.65,"{'lon': -128.65, 'lat': 54.05}",CA
352,1803834,Liaocheng,61,44.6,36.44,0,1.83,44.6,115.96,"{'lon': 115.96, 'lat': 36.44}",CN
353,4255151,Bud,55,32.5,39.45,90,8.05,34.0,-86.18,"{'lon': -86.18, 'lat': 39.45}",US
354,3939761,Hualmay,82,69.58,-11.1,100,2.13,69.58,-77.61,"{'lon': -77.61, 'lat': -11.1}",PE
355,3347019,Mossamedes,75,74.21,-15.2,100,9.78,74.21,12.15,"{'lon': 12.15, 'lat': -15.2}",AO
356,6180550,Whitehorse,84,6.75,60.72,75,3.36,9.0,-135.05,"{'lon': -135.05, 'lat': 60.72}",CA
357,2396518,Port-Gentil,76,83.19,-0.72,0,6.08,83.19,8.78,"{'lon': 8.78, 'lat': -0.72}",GA
358,1253237,Veraval,42,65.19,20.9,4,17.34,65.19,70.37,"{'lon': 70.37, 'lat': 20.9}",IN
359,3128382,Bejar,86,39.6,40.39,49,9.17,42.01,-5.76,"{'lon': -5.76, 'lat': 40.39}",ES
360,286621,Salalah,60,75.2,17.02,75,8.05,75.2,54.09,"{'lon': 54.09, 'lat': 17.02}",OM
361,562389,Frolovo,95,29.97,49.77,100,11.65,29.97,43.66,"{'lon': 43.66, 'lat': 49.77}",RU
362,3561408,El Cobre,63,66.2,20.05,75,13.87,66.2,-75.95,"{'lon': -75.95, 'lat': 20.05}",CU
363,1495812,Ous,96,16.14,60.91,100,3.04,16.14,61.52,"{'lon': 61.52, 'lat': 60.91}",RU
364,3894426,Coyhaique,45,66.2,-45.58,5,9.17,66.2,-72.07,"{'lon': -72.07, 'lat': -45.58}",CL
365,3945985,Camana,91,66.83,-16.62,100,5.12,66.83,-72.71,"{'lon': -72.71, 'lat': -16.62}",PE
366,2335614,Kagoro,31,62.58,9.6,37,7.23,62.58,8.38,"{'lon': 8.38, 'lat': 9.6}",NG
367,3356832,Henties Bay,93,66.0,-22.12,0,1.99,66.0,14.28,"{'lon': 14.28, 'lat': -22.12}",NA
368,108410,Riyadh,43,50.0,24.69,40,13.87,50.0,46.72,"{'lon': 46.72, 'lat': 24.69}",SA
369,2180815,Tuatapere,74,64.0,-46.13,36,14.0,64.0,167.68,"{'lon': 167.68, 'lat': -46.13}",NZ
370,2122574,Ola,69,-14.17,59.58,0,5.59,-14.17,151.28,"{'lon': 151.28, 'lat': 59.58}",RU
371,1819729,Hong Kong,78,70.77,22.29,20,9.17,73.4,114.16,"{'lon': 114.16, 'lat': 22.29}",HK
372,5359864,Isla Vista,77,58.3,34.41,1,6.93,64.0,-119.86,"{'lon': -119.86, 'lat': 34.41}",US
373,4031574,Provideniya,76,-5.8,64.38,0,4.97,-5.8,-173.3,"{'lon': -173.3, 'lat': 64.38}",RU
374,1511538,Antipino,85,24.8,57.11,90,11.18,24.8,65.76,"{'lon': 65.76, 'lat': 57.11}",RU
375,5847411,Kahului,54,76.89,20.89,40,6.93,80.6,-156.47,"{'lon': -156.47, 'lat': 20.89}",US
376,1804119,Liancheng,41,68.11,24.05,0,14.47,68.11,105.08,"{'lon': 105.08, 'lat': 24.05}",CN
377,1066831,Beroroha,87,68.81,-21.67,99,4.03,68.81,45.17,"{'lon': 45.17, 'lat': -21.67}",MG
378,1861280,Itoman,73,71.98,26.12,75,11.41,73.4,127.67,"{'lon': 127.67, 'lat': 26.12}",JP
379,53372,Oodweyne,59,58.3,9.41,4,1.28,58.3,45.06,"{'lon': 45.06, 'lat': 9.41}",SO
380,3138532,Skotterud,86,29.14,59.98,53,5.82,32.0,12.13,"{'lon': 12.13, 'lat': 59.98}",NO
381,3571913,Marsh Harbour,69,70.36,26.54,33,27.09,70.36,-77.06,"{'lon': -77.06, 'lat': 26.54}",BS
382,2997110,Luneville,92,27.77,48.6,90,5.82,33.01,6.5,"{'lon': 6.5, 'lat': 48.6}",FR
383,352628,Matay,89,39.49,28.42,0,3.09,39.49,30.78,"{'lon': 30.78, 'lat': 28.42}",EG
384,1650064,Barabai,50,89.08,-2.58,0,6.08,89.08,115.38,"{'lon': 115.38, 'lat': -2.58}",ID
385,3838874,Rio Cuarto,88,71.6,-33.13,0,10.29,71.6,-64.35,"{'lon': -64.35, 'lat': -33.13}",AR
386,964712,Plettenberg Bay,84,64.17,-34.05,49,13.18,64.17,23.37,"{'lon': 23.37, 'lat': -34.05}",ZA
387,2301217,Ejura,67,76.69,7.39,0,2.68,76.69,-1.36,"{'lon': -1.36, 'lat': 7.39}",GH
388,5392171,San Jose,67,56.79,37.34,20,5.82,61.0,-121.89,"{'lon': -121.89, 'lat': 37.34}",US
389,6621469,Arrondissement d'Arcachon,87,52.09,44.59,90,2.24,55.4,-1.05,"{'lon': -1.05, 'lat': 44.59}",FR
390,2037078,Hailar,84,-5.39,49.2,0,16.62,-5.39,119.7,"{'lon': 119.7, 'lat': 49.2}",CN
391,2013921,Ust-Kuyga,99,-32.66,70.02,87,5.79,-32.66,135.6,"{'lon': 135.6, 'lat': 70.02}",RU
392,3691954,Sechura,88,71.29,-5.56,71,8.08,71.29,-80.82,"{'lon': -80.82, 'lat': -5.56}",PE
393,2079582,Alyangula,74,86.0,-13.85,75,13.87,86.0,136.42,"{'lon': 136.42, 'lat': -13.85}",AU
394,1586350,Cam Ranh,69,80.6,11.92,40,5.82,80.6,109.16,"{'lon': 109.16, 'lat': 11.92}",VN
395,1802013,Yizheng,50,56.97,24.67,0,7.49,56.97,103.43,"{'lon': 103.43, 'lat': 24.67}",CN
396,3837213,San Juan,29,87.82,-31.54,91,6.24,87.82,-68.54,"{'lon': -68.54, 'lat': -31.54}",AR
397,2509491,Villarrobledo,91,35.01,39.27,1,1.01,35.01,-2.6,"{'lon': -2.6, 'lat': 39.27}",ES
398,2527087,Tiznit,74,46.44,29.58,0,4.47,46.44,-9.5,"{'lon': -9.5, 'lat': 29.58}",MA
399,1816336,Binzhou,66,44.01,37.37,0,4.36,44.01,118.02,"{'lon': 118.02, 'lat': 37.37}",CN
400,417594,Shahreza,70,30.94,32.03,6,5.1,30.94,51.88,"{'lon': 51.88, 'lat': 32.03}",IR
401,2074113,Collie,41,72.18,-33.37,50,6.17,75.99,116.15,"{'lon': 116.15, 'lat': -33.37}",AU
402,1485627,Yuzhnyy,85,21.2,53.25,75,13.42,21.2,83.69,"{'lon': 83.69, 'lat': 53.25}",RU
403,1651810,Airai,56,82.51,-8.93,95,4.45,82.51,125.41,"{'lon': 125.41, 'lat': -8.93}",TL
404,4705086,Lamar,100,38.25,33.67,90,12.75,41.0,-95.58,"{'lon': -95.58, 'lat': 33.67}",US
405,502011,Revda,92,24.8,56.8,40,6.71,24.8,59.93,"{'lon': 59.93, 'lat': 56.8}",RU
406,5978133,Hudson Bay,98,9.43,52.85,100,4.34,9.43,-102.38,"{'lon': -102.38, 'lat': 52.85}",CA
407,4031637,Lavrentiya,88,-9.36,65.58,100,6.02,-9.36,-171.0,"{'lon': -171, 'lat': 65.58}",RU
408,2467813,Rafraf,87,55.38,37.19,40,5.82,57.2,10.18,"{'lon': 10.18, 'lat': 37.19}",TN
409,3466704,Castro,99,57.27,-24.79,100,7.61,57.27,-50.01,"{'lon': -50.01, 'lat': -24.79}",BR
410,1633419,Padang,90,68.61,-0.95,57,4.29,68.61,100.35,"{'lon': 100.35, 'lat': -0.95}",ID
411,1224061,Wattegama,100,75.2,6.8,20,8.05,75.2,81.48,"{'lon': 81.48, 'lat': 6.8}",LK
412,3522186,Pajapan,78,73.4,18.25,40,11.41,73.4,-94.7,"{'lon': -94.7, 'lat': 18.25}",MX
413,2206890,Masterton,56,71.83,-40.96,17,1.01,75.99,175.66,"{'lon': 175.66, 'lat': -40.96}",NZ
414,2173911,Broken Hill,27,78.8,-31.95,40,19.46,78.8,141.43,"{'lon': 141.43, 'lat': -31.95}",AU
415,5746545,Portland,87,48.81,45.52,90,12.75,54.0,-122.68,"{'lon': -122.68, 'lat': 45.52}",US
416,2208248,Kaitangata,68,66.99,-46.28,4,17.49,66.99,169.85,"{'lon': 169.85, 'lat': -46.28}",NZ
417,3470709,Barra do Garcas,94,72.82,-15.89,100,3.4,72.82,-52.26,"{'lon': -52.26, 'lat': -15.89}",BR
418,3598787,Champerico,61,82.4,14.3,75,6.93,82.4,-91.92,"{'lon': -91.92, 'lat': 14.3}",GT
419,523392,Nar'yan-Mar,94,14.41,67.67,100,13.31,14.41,53.09,"{'lon': 53.09, 'lat': 67.67}",RU
420,5110365,Broome,58,24.8,42.25,1,3.36,28.4,-75.83,"{'lon': -75.83, 'lat': 42.25}",US
421,1606050,Sungai Padi,83,79.09,6.09,20,8.05,80.6,101.88,"{'lon': 101.88, 'lat': 6.09}",TH
422,780687,Berlevag,75,26.6,70.86,100,20.13,26.6,29.09,"{'lon': 29.09, 'lat': 70.86}",NO
423,2126682,Bilibino,100,-40.18,68.05,80,0.13,-40.18,166.44,"{'lon': 166.44, 'lat': 68.05}",RU
424,1509847,Bograd,77,3.2,54.23,100,2.24,3.2,90.83,"{'lon': 90.83, 'lat': 54.23}",RU
425,5044290,Saint Anthony,86,32.83,45.02,90,5.82,34.0,-93.22,"{'lon': -93.22, 'lat': 45.02}",US
426,6162951,Terrace Bay,95,22.57,48.78,98,2.53,22.57,-87.1,"{'lon': -87.1, 'lat': 48.78}",CA
427,2014743,Tygda,96,-6.21,53.12,100,5.41,-6.21,126.33,"{'lon': 126.33, 'lat': 53.12}",RU
428,6162949,Terrace,87,33.51,54.52,90,12.75,33.8,-128.6,"{'lon': -128.6, 'lat': 54.52}",CA
429,2034615,Tahe,86,-3.64,52.33,100,10.16,-3.64,124.73,"{'lon': 124.73, 'lat': 52.33}",CN
430,2229267,Lolodorf,97,73.42,3.23,89,1.95,73.42,10.73,"{'lon': 10.73, 'lat': 3.23}",CM
431,3461370,Imbituba,100,68.0,-28.24,75,3.36,68.0,-48.67,"{'lon': -48.67, 'lat': -28.24}",BR
432,2701680,Karlstad,85,25.86,59.38,1,4.7,27.0,13.5,"{'lon': 13.5, 'lat': 59.38}",SE
433,2522890,Tortoli,93,53.82,39.93,40,6.93,55.4,9.66,"{'lon': 9.66, 'lat': 39.93}",IT
434,110690,Faya,87,52.68,18.39,75,6.93,53.6,42.45,"{'lon': 42.45, 'lat': 18.39}",SA
435,583345,Aleksandrov Gay,98,32.27,50.15,100,8.84,32.27,48.57,"{'lon': 48.57, 'lat': 50.15}",RU
436,1862505,Hirara,73,73.4,24.8,75,11.41,73.4,125.28,"{'lon': 125.28, 'lat': 24.8}",JP
437,10722858,Forsytheganj,76,30.85,52.63,94,17.69,30.85,29.73,"{'lon': 29.73, 'lat': 52.63}",BY
438,5295143,Fortuna Foothills,52,64.02,32.66,1,5.82,66.2,-114.41,"{'lon': -114.41, 'lat': 32.66}",US
439,53157,Qandala,81,71.24,11.47,15,1.79,71.24,49.87,"{'lon': 49.87, 'lat': 11.47}",SO
440,2094027,Kieta,75,84.02,-6.22,2,7.7,84.02,155.63,"{'lon': 155.63, 'lat': -6.22}",PG
441,2145554,Ulladulla,10,100.02,-35.35,100,24.16,102.2,150.47,"{'lon': 150.47, 'lat': -35.35}",AU
442,2160413,Leeton,36,78.8,-34.57,40,19.46,78.8,146.4,"{'lon': 146.4, 'lat': -34.57}",AU
443,3469190,Boquira,95,69.69,-12.82,100,3.11,69.69,-42.73,"{'lon': -42.73, 'lat': -12.82}",BR
444,2037335,Fuyu,89,8.82,45.18,71,12.26,8.82,124.82,"{'lon': 124.82, 'lat': 45.18}",CN
445,5866063,Kenai,78,15.85,60.55,90,6.8,16.0,-151.26,"{'lon': -151.26, 'lat': 60.55}",US
446,2120048,Ust-Nera,99,-32.8,64.57,100,2.06,-32.8,143.2,"{'lon': 143.2, 'lat': 64.57}",RU
447,1229989,Point Pedro,78,80.98,9.82,98,21.3,80.98,80.23,"{'lon': 80.23, 'lat': 9.82}",LK
448,1631637,Pemangkat,72,84.06,1.17,1,6.46,84.06,108.97,"{'lon': 108.97, 'lat': 1.17}",ID
449,1637001,Biak,72,83.48,-0.91,96,8.05,83.48,122.88,"{'lon': 122.88, 'lat': -0.91}",ID
450,1489853,Tazovsky,94,-0.78,67.47,100,14.25,-0.78,78.7,"{'lon': 78.7, 'lat': 67.47}",RU
451,3161733,Bergen,100,39.63,60.39,75,19.46,39.99,5.33,"{'lon': 5.33, 'lat': 60.39}",NO
452,2024626,Dzhebariki-Khaya,93,-25.1,62.22,0,0.6,-25.1,135.8,"{'lon': 135.8, 'lat': 62.22}",RU
453,7671223,Kloulklubed,78,82.4,7.04,75,13.87,82.4,134.26,"{'lon': 134.26, 'lat': 7.04}",PW
454,1684803,Tabuk,71,77.04,17.42,1,8.88,77.04,121.44,"{'lon': 121.44, 'lat': 17.42}",PH
455,1278935,Amalapuram,83,69.8,16.58,20,5.82,69.8,82.02,"{'lon': 82.02, 'lat': 16.58}",IN
456,1525798,Balkhash,92,19.72,46.84,100,10.13,19.72,74.98,"{'lon': 74.98, 'lat': 46.84}",KZ
457,3662342,Sao Gabriel da Cachoeira,89,76.66,-0.13,53,1.5,76.66,-67.09,"{'lon': -67.09, 'lat': -0.13}",BR
458,1507116,Dudinka,83,-4.0,69.41,75,20.13,-4.0,86.18,"{'lon': 86.18, 'lat': 69.41}",RU
459,2460954,Araouane,20,74.28,18.9,96,7.43,74.28,-3.53,"{'lon': -3.53, 'lat': 18.9}",ML
460,934649,Cap Malheureux,94,78.91,-19.98,75,11.41,79.0,57.61,"{'lon': 57.61, 'lat': -19.98}",MU
461,3893726,Constitucion,94,56.61,-35.33,59,5.23,56.61,-72.42,"{'lon': -72.42, 'lat': -35.33}",CL
462,60019,Eyl,82,78.13,7.98,31,22.53,78.13,49.82,"{'lon': 49.82, 'lat': 7.98}",SO
463,1498161,Muzhi,97,3.88,65.37,100,3.71,3.88,64.67,"{'lon': 64.67, 'lat': 65.37}",RU
464,1737486,Bintulu,88,82.24,3.17,75,1.12,82.4,113.03,"{'lon': 113.03, 'lat': 3.17}",MY
465,778707,Mehamn,83,20.14,71.04,100,13.65,20.14,27.85,"{'lon': 27.85, 'lat': 71.04}",NO
466,1581349,Ha Giang,83,66.81,22.83,76,4.7,66.81,104.98,"{'lon': 104.98, 'lat': 22.83}",VN
467,478050,Ust'-Kulom,93,15.69,61.69,85,7.92,15.69,53.69,"{'lon': 53.69, 'lat': 61.69}",RU
468,1123004,Taloqan,29,28.02,36.74,0,2.08,28.02,69.53,"{'lon': 69.53, 'lat': 36.74}",AF
469,1651531,Ambon,59,89.6,-3.7,20,11.41,89.6,128.18,"{'lon': 128.18, 'lat': -3.7}",ID
470,4033543,Teahupoo,66,87.46,-17.83,20,17.22,87.8,-149.27,"{'lon': -149.27, 'lat': -17.83}",PF
471,542184,Krasnovishersk,97,14.32,60.41,100,2.44,14.32,57.08,"{'lon': 57.08, 'lat': 60.41}",RU
472,3887127,Iquique,61,77.0,-20.22,100,6.93,77.0,-70.14,"{'lon': -70.14, 'lat': -20.22}",CL
473,8079926,Labuhan,66,87.15,-6.88,0,2.53,87.15,112.21,"{'lon': 112.21, 'lat': -6.88}",ID
474,3443341,Carmelo,83,77.0,-33.99,0,12.75,77.0,-58.29,"{'lon': -58.29, 'lat': -33.99}",UY
475,1257479,Sanchi,93,51.8,23.48,16,4.7,51.8,77.73,"{'lon': 77.73, 'lat': 23.48}",IN
476,2111495,Ohara,93,42.64,35.25,90,6.93,45.0,140.38,"{'lon': 140.38, 'lat': 35.25}",JP
477,1705645,Looc,76,78.6,12.26,1,17.22,78.6,121.99,"{'lon': 121.99, 'lat': 12.26}",PH
478,6096551,Pangnirtung,92,-30.12,66.15,88,3.02,-30.12,-65.71,"{'lon': -65.71, 'lat': 66.15}",CA
479,2152659,Port Macquarie,33,99.82,-31.43,0,17.22,106.0,152.92,"{'lon': 152.92, 'lat': -31.43}",AU
480,4220629,St. Marys,76,50.41,30.73,90,17.22,52.0,-81.55,"{'lon': -81.55, 'lat': 30.73}",US
481,1057095,Sakaraha,81,68.92,-22.9,0,2.13,68.92,44.53,"{'lon': 44.53, 'lat': -22.9}",MG
482,2692613,Mariestad,92,27.19,58.71,0,3.36,30.0,13.82,"{'lon': 13.82, 'lat': 58.71}",SE
483,3135813,Stranda,75,44.35,62.31,100,23.04,50.0,6.94,"{'lon': 6.94, 'lat': 62.31}",NO
484,3148602,Kyrksaeterora,93,38.3,63.29,75,10.29,48.2,9.09,"{'lon': 9.09, 'lat': 63.29}",NO
485,1830377,Lumphat,48,82.47,13.49,32,6.73,82.47,106.98,"{'lon': 106.98, 'lat': 13.49}",KH
486,183027,Nyahururu,87,53.56,0.04,100,2.77,53.56,36.37,"{'lon': 36.37, 'lat': 0.04}",KE
487,2449893,Tessalit,18,70.68,20.2,72,8.9,70.68,1.01,"{'lon': 1.01, 'lat': 20.2}",ML
488,1276917,Barkot,56,28.08,30.82,0,6.46,28.08,78.2,"{'lon': 78.2, 'lat': 30.82}",IN
489,2065594,Mount Isa,55,89.6,-20.73,75,14.99,89.6,139.5,"{'lon': 139.5, 'lat': -20.73}",AU
490,3388847,Sao Felix do Xingu,98,71.47,-6.64,100,1.72,71.47,-51.99,"{'lon': -51.99, 'lat': -6.64}",BR
491,2030065,Mandalgovi,70,6.1,45.76,0,4.63,6.1,106.27,"{'lon': 106.27, 'lat': 45.76}",MN
492,921786,Mitsamiouli,79,82.2,-11.38,100,18.52,82.2,43.28,"{'lon': 43.28, 'lat': -11.38}",KM
493,1272140,Dwarka,58,68.9,22.24,0,24.14,68.9,68.97,"{'lon': 68.97, 'lat': 22.24}",IN
494,2948184,Bitburg,100,33.96,49.97,90,11.41,36.0,6.53,"{'lon': 6.53, 'lat': 49.97}",DE
495,6137462,Saint-Augustin,90,21.51,51.23,100,12.06,21.51,-58.65,"{'lon': -58.65, 'lat': 51.23}",CA
496,1538641,Kedrovyy,76,-5.8,56.17,40,7.92,-5.8,91.82,"{'lon': 91.82, 'lat': 56.17}",RU
497,3832791,Villa Carlos Paz,73,74.86,-31.42,4,4.7,80.01,-64.5,"{'lon': -64.5, 'lat': -31.42}",AR
498,1496503,Noyabrsk,94,4.73,63.2,100,22.12,4.73,75.45,"{'lon': 75.45, 'lat': 63.2}",RU
499,2253354,Dakar,53,72.68,14.69,100,12.75,73.4,-17.44,"{'lon': -17.44, 'lat': 14.69}",SN
500,1242110,Kalmunai,81,81.16,7.42,99,17.63,81.16,81.82,"{'lon': 81.82, 'lat': 7.42}",LK
501,2338660,Yaan,24,71.4,7.38,77,4.61,71.4,8.57,"{'lon': 8.57, 'lat': 7.38}",NG
502,531979,Maksatikha,75,22.32,57.8,100,12.12,22.32,35.88,"{'lon': 35.88, 'lat': 57.8}",RU
503,535839,Leshukonskoye,91,21.61,64.9,98,9.53,21.61,45.76,"{'lon': 45.76, 'lat': 64.9}",RU
504,2033370,Yingkou,74,30.04,40.66,1,12.26,30.04,122.23,"{'lon': 122.23, 'lat': 40.66}",CN
505,3466978,Carazinho,93,57.61,-28.28,26,10.04,57.61,-52.79,"{'lon': -52.79, 'lat': -28.28}",BR
506,1259385,Port Blair,80,80.47,11.67,86,13.31,80.47,92.75,"{'lon': 92.75, 'lat': 11.67}",IN
507,1791779,Wanning,75,74.66,18.8,89,7.72,74.66,110.4,"{'lon': 110.4, 'lat': 18.8}",CN
508,3393922,Nisia Floresta,78,81.54,-6.09,40,8.05,82.4,-35.21,"{'lon': -35.21, 'lat': -6.09}",BR
509,1489209,Troitskoye,82,20.79,52.98,100,12.88,20.79,84.68,"{'lon': 84.68, 'lat': 52.98}",RU
510,1528998,Yumen,60,21.06,40.28,47,6.31,21.06,97.2,"{'lon': 97.2, 'lat': 40.28}",CN
511,2013952,Ust'-Ilimsk,88,-12.71,58.0,17,7.94,-12.71,102.66,"{'lon': 102.66, 'lat': 58}",RU
512,1502697,Kondinskoye,93,20.41,59.65,100,12.8,20.41,67.41,"{'lon': 67.41, 'lat': 59.65}",RU
513,553766,Kamenka,96,32.0,51.32,93,14.41,32.0,42.77,"{'lon': 42.77, 'lat': 51.32}",RU
514,6180285,Whitecourt,92,28.4,54.15,5,3.18,28.4,-115.69,"{'lon': -115.69, 'lat': 54.15}",CA
515,3628142,San Jose de Guanipa,70,75.72,8.89,57,10.22,75.72,-64.17,"{'lon': -64.17, 'lat': 8.89}",VE
516,6255012,Flinders,10,102.43,-34.58,90,24.16,105.01,150.86,"{'lon': 150.86, 'lat': -34.58}",AU
517,1506268,Gornopravdinsk,93,19.72,60.05,100,11.86,19.72,69.9,"{'lon': 69.9, 'lat': 60.05}",RU
518,352733,Mersa Matruh,76,51.8,31.35,40,9.17,51.8,27.25,"{'lon': 27.25, 'lat': 31.35}",EG
519,4004293,Ixtapa,65,78.4,20.7,75,2.24,78.8,-105.2,"{'lon': -105.2, 'lat': 20.7}",MX
520,4173593,South Venice,62,54.81,27.05,75,8.05,57.0,-82.42,"{'lon': -82.42, 'lat': 27.05}",US
521,709584,Druzhba,78,29.32,52.04,91,17.05,29.32,33.95,"{'lon': 33.95, 'lat': 52.04}",UA
522,6093347,Olds,73,28.58,51.78,20,2.24,33.01,-114.1,"{'lon': -114.1, 'lat': 51.78}",CA
523,1626542,Sorong,58,87.49,-0.88,7,6.4,87.49,131.25,"{'lon': 131.25, 'lat': -0.88}",ID
524,3698359,Chicama,78,77.0,-7.84,90,4.7,77.0,-79.15,"{'lon': -79.15, 'lat': -7.84}",PE
525,1855540,Naze,78,72.55,28.37,75,18.34,73.4,129.48,"{'lon': 129.48, 'lat': 28.37}",JP
526,3359638,Walvis Bay,93,63.9,-22.96,0,3.36,66.0,14.51,"{'lon': 14.51, 'lat': -22.96}",NA
527,2077895,Alice Springs,22,96.8,-23.7,36,12.75,96.8,133.88,"{'lon': 133.88, 'lat': -23.7}",AU
528,1622318,Waingapu,71,83.44,-9.66,0,9.17,83.44,120.26,"{'lon': 120.26, 'lat': -9.66}",ID
529,1634718,Muncar,75,82.47,-8.43,0,2.71,82.47,114.33,"{'lon': 114.33, 'lat': -8.43}",ID
530,5554428,Ketchikan,81,42.8,55.34,90,18.34,42.8,-131.65,"{'lon': -131.65, 'lat': 55.34}",US
531,580453,Atamanskaya,96,34.66,46.18,100,15.84,34.66,39.64,"{'lon': 39.64, 'lat': 46.18}",RU
532,290104,Sitrah,82,59.97,26.15,75,23.04,60.8,50.62,"{'lon': 50.62, 'lat': 26.15}",BH
533,2093967,Kimbe,78,83.37,-5.55,35,4.83,83.37,150.14,"{'lon': 150.14, 'lat': -5.55}",PG
534,4333811,Morgan City,87,49.21,29.7,75,9.17,51.01,-91.21,"{'lon': -91.21, 'lat': 29.7}",US
535,6324729,Halifax,85,15.66,44.65,5,8.05,18.0,-63.57,"{'lon': -63.57, 'lat': 44.65}",CA
536,1688781,City of San Pedro,61,83.14,14.35,20,11.41,84.0,121.02,"{'lon': 121.02, 'lat': 14.35}",PH
537,3412093,Vestmannaeyjar,68,34.66,63.44,100,44.56,34.66,-20.27,"{'lon': -20.27, 'lat': 63.44}",IS
538,1502073,Krasnosel'kup,95,-0.26,65.7,97,15.32,-0.26,82.47,"{'lon': 82.47, 'lat': 65.7}",RU
539,2127060,Arman,77,-8.36,59.7,0,4.94,-8.36,150.17,"{'lon': 150.17, 'lat': 59.7}",RU
540,1024696,Dondo,96,68.02,-19.61,35,2.21,68.02,34.74,"{'lon': 34.74, 'lat': -19.61}",MZ
541,2519651,Cehegin,99,44.26,38.09,58,4.0,48.0,-1.8,"{'lon': -1.8, 'lat': 38.09}",ES
542,7647007,Bariloche,40,69.8,-41.15,20,10.29,69.8,-71.31,"{'lon': -71.31, 'lat': -41.15}",AR
543,5503914,Fallon,46,51.84,39.47,75,5.82,53.6,-118.78,"{'lon': -118.78, 'lat': 39.47}",US
544,512947,Pamyat' Parizhskoy Kommuny,86,27.9,56.1,75,8.95,28.4,44.5,"{'lon': 44.5, 'lat': 56.1}",RU
545,550844,Khadzhalmakhi,64,38.73,42.42,41,11.18,39.2,47.18,"{'lon': 47.18, 'lat': 42.42}",RU
546,226361,Sembabule,52,65.89,-0.08,100,3.91,65.89,31.46,"{'lon': 31.46, 'lat': -0.08}",UG
547,3449747,Santa Vitoria do Palmar,88,68.22,-33.52,4,7.65,68.22,-53.37,"{'lon': -53.37, 'lat': -33.52}",BR
548,1524606,Derzhavinsk,91,27.99,51.1,100,26.51,27.99,66.32,"{'lon': 66.32, 'lat': 51.1}",KZ
549,1275665,Bikaner,52,53.47,28.02,52,6.76,53.47,73.3,"{'lon': 73.3, 'lat': 28.02}",IN
550,3843123,Neuquen,40,89.6,-38.95,0,9.17,89.6,-68.06,"{'lon': -68.06, 'lat': -38.95}",AR
551,115019,Shiraz,100,39.2,29.6,90,7.02,39.2,52.54,"{'lon': 52.54, 'lat': 29.6}",IR
552,967476,Orkney,31,61.74,-26.98,0,3.98,61.74,26.67,"{'lon': 26.67, 'lat': -26.98}",ZA
553,2122493,Omsukchan,99,-32.19,62.53,100,4.16,-32.19,155.8,"{'lon': 155.8, 'lat': 62.53}",RU
554,1650232,Banjar,79,86.0,-8.19,20,2.24,86.0,114.97,"{'lon': 114.97, 'lat': -8.19}",ID
555,3374333,Praia,83,69.8,14.92,95,13.87,69.8,-23.51,"{'lon': -23.51, 'lat': 14.92}",CV
556,905846,Mpika,98,63.25,-11.83,100,4.52,63.25,31.45,"{'lon': 31.45, 'lat': -11.83}",ZM
557,930025,Dedza,94,59.0,-14.38,100,4.12,59.0,34.33,"{'lon': 34.33, 'lat': -14.38}",MW
558,4082589,Pell City,74,40.39,33.59,40,5.17,44.6,-86.29,"{'lon': -86.29, 'lat': 33.59}",US
559,5374920,Morro Bay,87,57.11,35.37,1,4.7,62.6,-120.85,"{'lon': -120.85, 'lat': 35.37}",US
560,3379507,Bartica,94,75.2,6.4,0,4.7,75.2,-58.62,"{'lon': -58.62, 'lat': 6.4}",GY
561,1262253,Nagar,68,47.75,27.43,0,8.93,47.75,77.1,"{'lon': 77.1, 'lat': 27.43}",IN
562,5720495,Coos Bay,76,53.08,43.37,90,14.99,55.4,-124.22,"{'lon': -124.22, 'lat': 43.37}",US
563,1800163,Nanchang,93,48.54,28.68,100,8.68,48.54,115.88,"{'lon': 115.88, 'lat': 28.68}",CN
564,5905393,Bonavista,84,19.0,48.65,100,3.0,19.0,-53.11,"{'lon': -53.11, 'lat': 48.65}",CA
565,895953,Zambezi,98,66.88,-13.54,100,9.42,66.88,23.1,"{'lon': 23.1, 'lat': -13.54}",ZM
566,1328421,Pathein,71,73.83,16.78,70,9.86,73.83,94.73,"{'lon': 94.73, 'lat': 16.78}",MM
